Workbook

Sheet Deckblatt
B2: Hitachi Rail
B3: Interne Abnahmeprüfung (FFT) · ITC
B5: Prüfprotokoll Achszähler (AzLM)
B6: TIP S4 – Software AzLM und Prüfanleitung
B7: ESTW L90 · Domestic · DB InfraGO
B9: Projektdaten (gelbe Felder ausfüllen)
B10: Projektbezeichnung / PSP
B11: Stellwerk (UZ / ESTW-Z, Ril100)
B12: Bauzustand / AZ-Nr.
B13: Systemversionen (LBS, MEM, SM, EAM, AzLM)
B14: PT1-Stand laut PBL
B15: Neuanlage / Bauzustand (Differenz)
... B19: Herkunft der Fragen
B20: TIP S4 | C20: Frage aus dem TIP S4 – Software AzLM. Zeile hellorange. Formal verbindlich; Ergebnis 1:1 ins TIP übertragen.
B21: PA | C21: Prüfanleitung: Einzelschritt (PT1-Tabelle, Prüfdokument, Simulation), mit dem eine TIP-Frage nachgewiesen wird. Aus der Schulungsunterlage, teils auf Basis historischer Arbeitsnotizen – vor Nutzung mit aktuellem Stand abgleichen.
B23: Bewertung
B24: i. O. – in Ordnung | C24: TIP: Ja | D24: Entspricht der Vorgabe (PT1, Prüfdokument, Planung).
B25: n. i. O. – nicht in Ordnung | C25: TIP: Nein | D25: Abweichung im Prüfbuch erfassen, Prüfbuch-Nr. in „Bemerkung“.
B26: n. z. – nicht zutreffend | C26: TIP: als n. z. kennzeichnen | D26: Sachverhalt kommt nicht vor; kurz begründen.
B28: Bedienung der Excel-Datei
B29: • Je Zeile genau ein Kästchen anhaken. „Status“ zeigt offen / erledigt / n. i. O. / mehrfach!.
B30: • Eine TIP-Frage erst mit i. O. bewerten, wenn alle zugehörigen PA-Schritte i. O. oder n. z. sind.
B31: • Spalte „Bezug (Link)“: TIP-Frage → erster zugehöriger PA-Schritt („+n“ = weitere); PA-Schritt → TIP-Frage. ↑ = weiter oben, ↓ = weiter unten.
B32: • Filter in Spalte „Herkunft“: nur TIP- oder nur PA-Zeilen anzeigen.
B33: • Nachweis der PT1-Prüfung bleibt das Abhaken im PT1 (TIP-Manteldokument, Anhang A.1).
B34: • Kästchen = Zellkontrollkästchen (Microsoft 365). Ältere Excel-Versionen zeigen WAHR/FALSCH; Wert dann per Eingabe ändern.

Sheet Prüfprotokoll
A1: Prüfprotokoll Achszähler (AzLM) – TIP S4 – Software AzLM und Prüfanleitung
A2: ESTW L90 · DB InfraGO · Prüfgrundlagen: TIP S4 (Template-Ausg. 01), Schulungsunterlage Softwareprüfung ESTW L90 (Phase 3.4 und 4.4) · Projektdaten und Anleitung: Blatt „Deckblatt“
A4: Nr. | B4: Herkunft | C4: TIP-Nr. / PA | D4: Prüffrage | E4: Bezug (Link) | F4: i. O. | G4: n. i. O. | H4: n. z. | I4: Status | J4: Bemerkung / Prüfbuch-Nr.
A5: 2 AZA-Zuordnung und Zählpunkte
A6: TIP S4 – Software AzLM
A7: 1 | B7: TIP S4 | C7: Nr. 1 | D7: Prüfung AZA-Zuordnung (nur bei AzL90M; Vergleich ELX-File – AZA PROJTAB.ass): Stimmt die Projektierung der Elementnummer und der Teilelementnummer der AZA-Projektierung mit der SM-Projektierung überein? | E7: ↓ PA 1 (+3) | F7: FALSE | G7: FALSE | H7: FALSE | I7: =IF(COUNTIF(F7:H7,TRUE)=0,"offen",IF(COUNTIF(F7:H7,TRUE)>1,"mehrfach!",IF(G7=TRUE,"n. i. O.","erledigt"))) -> offen
A8: 2 | B8: TIP S4 | C8: Nr. 2 | D8: Prüfung AZA-Diagnosemeldungen (nur bei AzL90M; Vergleich NM.MAC – AZA PROJTAB.ass): Stimmt die Reihenfolge der AZA-Schnittstellen in den nicht umschaltbaren MEM-Daten mit der AZA-Projektierung überein? | E8: ↓ PA 3 (+1) | F8: FALSE | G8: FALSE | H8: FALSE | I8: =IF(COUNTIF(F8:H8,TRUE)=0,"offen",IF(COUNTIF(F8:H8,TRUE)>1,"mehrfach!",IF(G8=TRUE,"n. i. O.","erledigt"))) -> offen
A9: 3 | B9: TIP S4 | C9: Nr. 3 | D9: Prüfung AZA (Vergleich PROJTAB.ass bei AzL90M bzw. *.PROJ bei AzLM – Achszählübersichtsplan): Sind jedem Abschnitt alle erforderlichen Zählpunkte zugeordnet, und ist die Zählrichtung bei jedem Zählpunkt korrekt projektiert? | E9: ↓ PA 5 (+4) | F9: FALSE | G9: FALSE | H9: FALSE | I9: =IF(COUNTIF(F9:H9,TRUE)=0,"offen",IF(COUNTIF(F9:H9,TRUE)>1,"mehrfach!",IF(G9=TRUE,"n. i. O.","erledigt"))) -> offen
A10: 4 | B10: TIP S4 | C10: Nr. 4 | D10: Prüfung AZA (Vergleich *.PROJ bei AzLM – Achszählübersichtsplan): Ist bei Einsatz der Schnellspannvorrichtungen der Parameter DRWBoth = Yes gesetzt? | F10: FALSE | G10: FALSE | H10: FALSE | I10: =IF(COUNTIF(F10:H10,TRUE)=0,"offen",IF(COUNTIF(F10:H10,TRUE)>1,"mehrfach!",IF(G10=TRUE,"n. i. O.","erledigt"))) -> offen
A11: Prüfanleitung – Zuordnung SM / EAM / AzA
A12: 5 | B12: PA | C12: PA 1 | D12: Zuordnung: Stimmt das Software-Protokoll „AzA-Schnittstelleninformation“ (SM-Elementnr., SM-Elementname, AzA-Element-/Teilelementnr., Abschnittsbezeichnung) mit ELX und AZA-Projektierung überein? | E12: ↑ S4 Nr. 1 | F12: FALSE | G12: FALSE | H12: FALSE | I12: =IF(COUNTIF(F12:H12,TRUE)=0,"offen",IF(COUNTIF(F12:H12,TRUE)>1,"mehrfach!",IF(G12=TRUE,"n. i. O.","erledigt"))) -> offen
A13: 6 | B13: PA | C13: PA 2 | D13: Zuordnung: Sind in der Elementliste (ELX) die AZA-Angaben (AZA = M:<Modul> E:<Element>) je Gleisabschnitt bzw. Weichengruppe konsistent zur AZA-Projektierung? | E13: ↑ S4 Nr. 1 | F13: FALSE | G13: FALSE | H13: FALSE | I13: =IF(COUNTIF(F13:H13,TRUE)=0,"offen",IF(COUNTIF(F13:H13,TRUE)>1,"mehrfach!",IF(G13=TRUE,"n. i. O.","erledigt"))) -> offen
A14: 7 | B14: PA | C14: PA 3 | D14: Zuordnung: Sind SM-Modul, EAM-Modul, AzA-Modul und die Schnittstellenkennungen (SM/EAM-SSK, AzA/EAM-SSK) auf dem Zuordnungsblatt plausibel und konsistent? | E14: ↑ S4 Nr. 1, 2 | F14: FALSE | G14: FALSE | H14: FALSE | I14: =IF(COUNTIF(F14:H14,TRUE)=0,"offen",IF(COUNTIF(F14:H14,TRUE)>1,"mehrfach!",IF(G14=TRUE,"n. i. O.","erledigt"))) -> offen
A15: Prüfanleitung – AzA-Konfiguration
A16: 8 | B16: PA | C16: PA 4 | D16: Konfiguration: Sind die seriellen Standard-Schnittstellen (EAM-Schnittstelle 2-kanalig, AzA-Bus ES_x, Nachbar-Schnittstellen NS_x) wie geplant belegt? | E16: ↑ S4 Nr. 2 | F16: FALSE | G16: FALSE | H16: FALSE | I16: =IF(COUNTIF(F16:H16,TRUE)=0,"offen",IF(COUNTIF(F16:H16,TRUE)>1,"mehrfach!",IF(G16=TRUE,"n. i. O.","erledigt"))) -> offen
A17: 9 | B17: PA | C17: PA 5 | D17: Konfiguration: Stimmen Zählpunkte zu Nachbar-AzA (NS_x / NZ_xx) mit der Konfiguration des Nachbar-AzA überein (gleiche Zählpunktbezeichnung, gegensätzliche Zählrichtung)? | E17: ↑ S4 Nr. 3 | F17: FALSE | G17: FALSE | H17: FALSE | I17: =IF(COUNTIF(F17:H17,TRUE)=0,"offen",IF(COUNTIF(F17:H17,TRUE)>1,"mehrfach!",IF(G17=TRUE,"n. i. O.","erledigt"))) -> offen
A18: 10 | B18: PA | C18: PA 6 | D18: Konfiguration: Bei Mischbetrieb / Migration AzL90M-3 ↔ AzLM: Wurde die Umsetztabelle der Zählpunkte angewendet ((Platine − 1) × 8 + Kanal + 1, z. B. 2.0 → 9)? | E18: ↑ S4 Nr. 3 | F18: FALSE | G18: FALSE | H18: FALSE | I18: =IF(COUNTIF(F18:H18,TRUE)=0,"offen",IF(COUNTIF(F18:H18,TRUE)>1,"mehrfach!",IF(G18=TRUE,"n. i. O.","erledigt"))) -> offen
A19: 11 | B19: PA | C19: PA 7 | D19: Konfiguration: Ist bei jedem Abschnitt die Zuordnung positiv/negativ der Zählpunkte (Ein-/Ausfahrrichtung) gegen den Achszählübersichtsplan abgehakt? | E19: ↑ S4 Nr. 3 | F19: FALSE | G19: FALSE | H19: FALSE | I19: =IF(COUNTIF(F19:H19,TRUE)=0,"offen",IF(COUNTIF(F19:H19,TRUE)>1,"mehrfach!",IF(G19=TRUE,"n. i. O.","erledigt"))) -> offen
A20: 3 Versionen, Prüfsummen und Simulation
A21: Prüfanleitung – Versionen und Prüfsummen
A22: 12 | B22: PA | C22: PA 8 | D22: Version: Entsprechen AzA-SW-Version und -Sachnummer in der Konfigurationsdatei der Systemfreigabe bzw. dem FB034? | F22: FALSE | G22: FALSE | H22: FALSE | I22: =IF(COUNTIF(F22:H22,TRUE)=0,"offen",IF(COUNTIF(F22:H22,TRUE)>1,"mehrfach!",IF(G22=TRUE,"n. i. O.","erledigt"))) -> offen
A23: 13 | B23: PA | C23: PA 9 | D23: Version: Stimmen Projektname, Version und Kommentar (Anlass, z. B. „1. IBN“) in der Konfigurationsdatei mit dem Bauzustand überein? | F23: FALSE | G23: FALSE | H23: FALSE | I23: =IF(COUNTIF(F23:H23,TRUE)=0,"offen",IF(COUNTIF(F23:H23,TRUE)>1,"mehrfach!",IF(G23=TRUE,"n. i. O.","erledigt"))) -> offen
A24: 14 | B24: PA | C24: PA 10 | D24: Prüfsumme: Stimmen Konfigurations-Prüfsumme (CRC) bzw. EPROM-Prüfsumme / Image-Prüfsumme (*.img.crc) mit den Angaben der Projektierung (Log-Datei, FB034) überein? | F24: FALSE | G24: FALSE | H24: FALSE | I24: =IF(COUNTIF(F24:H24,TRUE)=0,"offen",IF(COUNTIF(F24:H24,TRUE)>1,"mehrfach!",IF(G24=TRUE,"n. i. O.","erledigt"))) -> offen
A25: Prüfanleitung – Simulation an der Testanlage
A26: 15 | B26: PA | C26: PA 11 | D26: Simulation: Wurde an der Achszählsimulation die Systemversion (PAD „v“) und Projektierung (PAD „j“) angezeigt und gegen Freigabe/FB034 geprüft? | F26: FALSE | G26: FALSE | H26: FALSE | I26: =IF(COUNTIF(F26:H26,TRUE)=0,"offen",IF(COUNTIF(F26:H26,TRUE)>1,"mehrfach!",IF(G26=TRUE,"n. i. O.","erledigt"))) -> offen
A27: 16 | B27: PA | C27: PA 12 | D27: Simulation: Werden nach „ek:gf 1“ alle Abschnitte frei und nach „ek:gb 1“ alle Abschnitte besetzt gemeldet; zeigt „g“ für alle Abschnitte den erwarteten Status? | E27: ↑ S4 Nr. 3 | F27: FALSE | G27: FALSE | H27: FALSE | I27: =IF(COUNTIF(F27:H27,TRUE)=0,"offen",IF(COUNTIF(F27:H27,TRUE)>1,"mehrfach!",IF(G27=TRUE,"n. i. O.","erledigt"))) -> offen
A28: 17 | B28: PA | C28: PA 13 | D28: Simulation: Wird jeder Gleisfreimeldeabschnitt einzeln belegt und frei auf der Lupe am richtigen Element angezeigt? | E28: ↑ S4 Nr. 1, 3 | F28: FALSE | G28: FALSE | H28: FALSE | I28: =IF(COUNTIF(F28:H28,TRUE)=0,"offen",IF(COUNTIF(F28:H28,TRUE)>1,"mehrfach!",IF(G28=TRUE,"n. i. O.","erledigt"))) -> offen
A29: 18 | B29: PA | C29: PA 14 | D29: Simulation: Am Übergang zu Abschnitten anderer Freimeldeart: verlängerte Toleranzzeit (VT = „V“) projektiert (siehe TIP S2 Nr. 34)? | F29: FALSE | G29: FALSE | H29: FALSE | I29: =IF(COUNTIF(F29:H29,TRUE)=0,"offen",IF(COUNTIF(F29:H29,TRUE)>1,"mehrfach!",IF(G29=TRUE,"n. i. O.","erledigt"))) -> offen
A30: TIP S4 – Toolprüfung
A31: 19 | B31: TIP S4 | C31: Nr. 5 | D31: Wurden die Daten vom RAZA-Tool geprüft? Wurde durch das Tool kein Fehler gefunden bzw. wurden alle Fehler/Warnungen bewertet und als unkritisch eingestuft? | E31: ↓ PA 15 | F31: FALSE | G31: FALSE | H31: FALSE | I31: =IF(COUNTIF(F31:H31,TRUE)=0,"offen",IF(COUNTIF(F31:H31,TRUE)>1,"mehrfach!",IF(G31=TRUE,"n. i. O.","erledigt"))) -> offen
A32: 20 | B32: TIP S4 | C32: Nr. 6 | D32: Wurden die Daten vom RENT geprüft? Wurde durch das Tool kein Fehler gefunden bzw. wurden alle Fehler/Warnungen bewertet und als unkritisch eingestuft? | E32: ↓ PA 15 | F32: FALSE | G32: FALSE | H32: FALSE | I32: =IF(COUNTIF(F32:H32,TRUE)=0,"offen",IF(COUNTIF(F32:H32,TRUE)>1,"mehrfach!",IF(G32=TRUE,"n. i. O.","erledigt"))) -> offen
A33: Prüfanleitung – Toolreports
A34: 21 | B34: PA | C34: PA 15 | D34: Toolprüfung: Sind RAZA- und RENT-Report in der Ablage gespeichert und jede Meldung einzeln bewertet und dokumentiert? | E34: ↑ S4 Nr. 5, 6 | F34: FALSE | G34: FALSE | H34: FALSE | I34: =IF(COUNTIF(F34:H34,TRUE)=0,"offen",IF(COUNTIF(F34:H34,TRUE)>1,"mehrfach!",IF(G34=TRUE,"n. i. O.","erledigt"))) -> offen

Sheet Ergebnis
B2: Ergebnis – Prüfprotokoll Achszähler (AzLM)
B4: Abschnitt | C4: TIP S4 | D4: PA | E4: i. O. | F4: n. i. O. | G4: n. z. | H4: offen | I4: mehrfach
B5: 2 AZA-Zuordnung und Zählpunkte | C5: =COUNTIF('Prüfprotokoll'!B6:B19,"TIP S4") -> 0 | D5: =COUNTIF('Prüfprotokoll'!B6:B19,"PA") -> 0 | E5: =COUNTIF('Prüfprotokoll'!F6:F19,TRUE) -> 0 | F5: =COUNTIF('Prüfprotokoll'!G6:G19,TRUE) -> 0 | G5: =COUNTIF('Prüfprotokoll'!H6:H19,TRUE) -> 0 | H5: =COUNTIF('Prüfprotokoll'!I6:I19,"offen") -> 0 | I5: =COUNTIF('Prüfprotokoll'!I6:I19,"mehrfach!") -> 0
B6: 3 Versionen, Prüfsummen und Simulation | C6: =COUNTIF('Prüfprotokoll'!B21:B34,"TIP S4") -> 0 | D6: =COUNTIF('Prüfprotokoll'!B21:B34,"PA") -> 0 | E6: =COUNTIF('Prüfprotokoll'!F21:F34,TRUE) -> 0 | F6: =COUNTIF('Prüfprotokoll'!G21:G34,TRUE) -> 0 | G6: =COUNTIF('Prüfprotokoll'!H21:H34,TRUE) -> 0 | H6: =COUNTIF('Prüfprotokoll'!I21:I34,"offen") -> 0 | I6: =COUNTIF('Prüfprotokoll'!I21:I34,"mehrfach!") -> 0
B7: Summe | C7: =SUM(C5:C6) -> 0 | D7: =SUM(D5:D6) -> 0 | E7: =SUM(E5:E6) -> 0 | F7: =SUM(F5:F6) -> 0 | G7: =SUM(G5:G6) -> 0 | H7: =SUM(H5:H6) -> 0 | I7: =SUM(I5:I6) -> 0
B9: Davon TIP S4 – n. i. O. | C9: =COUNTIFS('Prüfprotokoll'!B5:B34,"TIP S4",'Prüfprotokoll'!G5:G34,TRUE) -> 0
B10: Davon PA – n. i. O. | C10: =COUNTIFS('Prüfprotokoll'!B5:B34,"PA",'Prüfprotokoll'!G5:G34,TRUE) -> 0
B12: Gesamtergebnis
B13: TIP S4 – Software AzLM – alle Prüfschritte durchgeführt | C13: =IF(AND(H7=0,I7=0),"Ja – alle Fragen beantwortet","Nein – "&H7&" offen, "&I7&" mehrfach angehakt") -> 0
B15: Übertrag der Abweichungen ins Prüfbuch
B16: Kurzbeschreibung | C16: Frage-Nr. | D16: Herkunft | E16: Prüfbuch-Nr. | G16: Element | I16: Erledigt
I17: FALSE
I18: FALSE
I19: FALSE
I20: FALSE
I21: FALSE
I22: FALSE
I23: FALSE
I24: FALSE
I25: FALSE
I26: FALSE
B28: Unterschriften
C29: Prüfer | G29: Freigebender
B30: Name (Druckbuchstaben)
B31: Firma (falls extern)
B32: Datum
B33: Unterschrift
