Workbook

Sheet Deckblatt
B2: Hitachi Rail
B3: Interne Abnahmeprüfung (FFT) · ITC
B5: Prüfprotokoll Bedienoberfläche
B6: TIP S3 – Software Bedienoberfläche und Design Styleguide Lupe/BerÜ
B7: ESTW L90 · Domestic · DB InfraGO
B9: Projektdaten (gelbe Felder ausfüllen)
B10: Projektbezeichnung / PSP
B11: Stellwerk (UZ / ESTW-Z, Ril100)
B12: Bauzustand / AZ-Nr.
B13: LBS-Version
B14: Geprüfte Lupenbilder (Bezeichner)
B15: Geprüfte BerÜ-Bilder (Bezeichner)
... B20: Herkunft der Fragen
B21: TIP S3 | C21: Frage aus dem TIP S3 – Software Bedienoberfläche. Zeile hellorange. Nummer = Fragennummer im TIP S3, Ergebnis 1:1 ins TIP übertragen.
B22: SG | C22: Reine Styleguide-Frage (3JC 1990 25312 ASAFC). Zeile weiß. Die SG-Fragen eines Abschnitts bilden die Antwort auf TIP S3 Nr. 8 (Lupe) bzw. Nr. 10 (BerÜ).
B24: Bewertung
B25: i. O. – in Ordnung | C25: TIP S3: Ja | D25: Darstellung/Funktion entspricht der Vorgabe.
B26: n. i. O. – nicht in Ordnung | C26: TIP S3: Nein | D26: Abweichung im Prüfbuch erfassen, Prüfbuch-Nr. in „Bemerkung“ eintragen.
B27: n. z. – nicht zutreffend | C27: TIP S3: als n. z. kennzeichnen | D27: Sachverhalt kommt im Projekt nicht vor; kurz begründen.
B29: Bedienung der Excel-Datei
B30: • Je Frage genau ein Kästchen anhaken. Die Spalte „Status“ zeigt „offen“, „erledigt“, „n. i. O.“ oder „mehrfach!“ (mehr als ein Haken).
B31: • Spalte „Bezug (Link)“: Klick springt zur zugehörigen Styleguide- bzw. TIP-S3-Frage (↓ = weiter unten, ↑ = weiter oben). Zurück mit Strg + G / F5 oder über den Rücksprung-Link der Zielzeile.
B32: • Über den Filter in Spalte „Herkunft“ lassen sich nur TIP-S3- oder nur SG-Fragen anzeigen.
B33: • TIP-Textfragen (Nr. 36, 44): Ausgabe und Datum der Planbasisliste ins gelbe Feld eintragen.
B34: • Geprüft wird jedes Lupen- und BerÜ-Bild. Eine Frage ist erst „i. O.“, wenn sie für alle Bilder erfüllt ist. Abgestimmte Kundenwünsche: „i. O.“ mit Verweis auf die Abstimmung.
B35: • Die Kästchen sind Excel-Zellkontrollkästchen (Microsoft 365). In älteren Excel-Versionen erscheinen sie als WAHR/FALSCH; dort Wert per Eingabe ändern.

Sheet Prüfprotokoll
A1: Prüfprotokoll Bedienoberfläche – TIP S3 und Design Styleguide
A2: ESTW L90 · DB InfraGO · Prüfgrundlagen: TIP S3 (Template-Ausg. 01), Design Styleguide 3JC 1990 25312 ASAFC Rev. 04 · Projektdaten und Anleitung: Blatt „Deckblatt“
A4: Nr. | B4: Herkunft | C4: TIP-Nr. / SG-Kap. | D4: Prüffrage | E4: Bezug (Link) | F4: i. O. | G4: n. i. O. | H4: n. z. | I4: Status | J4: Bemerkung / Prüfbuch-Nr.
A5: 2 Allgemeine Festlegungen
A6: 1 | B6: SG | C6: 3 | D6: Sind Abweichungen vom Styleguide auf Kundenwunsch (Abnahmeprüfer) mit dem Ril-/LH-Autor abgestimmt und dokumentiert? | F6: FALSE | G6: FALSE | H6: FALSE | I6: =IF(COUNTIF(F6:H6,TRUE)=0,"offen",IF(COUNTIF(F6:H6,TRUE)>1,"mehrfach!",IF(G6=TRUE,"n. i. O.","erledigt"))) -> offen
A7: 2 | B7: SG | C7: 3 | D7: Bestandsanlage: Ist festgelegt, ob der Styleguide in diesem Bauzustand anzuwenden ist (größerer Umbau bzw. Releasewechsel) oder die bisherige Darstellung beibehalten wird? | F7: FALSE | G7: FALSE | H7: FALSE | I7: =IF(COUNTIF(F7:H7,TRUE)=0,"offen",IF(COUNTIF(F7:H7,TRUE)>1,"mehrfach!",IF(G7=TRUE,"n. i. O.","erledigt"))) -> offen
A8: 3 Lupenbilder
A9: TIP S3 – Lupe
A10: 3 | B10: TIP S3 | C10: Nr. 1 | D10: Sind alle Elemente des Stellwerks vorhanden, richtig angeordnet und korrekt bezeichnet? | F10: FALSE | G10: FALSE | H10: FALSE | I10: =IF(COUNTIF(F10:H10,TRUE)=0,"offen",IF(COUNTIF(F10:H10,TRUE)>1,"mehrfach!",IF(G10=TRUE,"n. i. O.","erledigt"))) -> offen
A11: 4 | B11: TIP S3 | C11: Nr. 2 | D11: Sind die Konnektoren fortlaufender Gleise innerhalb des Lupenbildes eindeutig mit Ziffern und zu benachbarten Bildern eindeutig mit großen Buchstaben und dem Bildbezeichner bezeichnet? | F11: FALSE | G11: FALSE | H11: FALSE | I11: =IF(COUNTIF(F11:H11,TRUE)=0,"offen",IF(COUNTIF(F11:H11,TRUE)>1,"mehrfach!",IF(G11=TRUE,"n. i. O.","erledigt"))) -> offen
A12: 5 | B12: TIP S3 | C12: Nr. 3 | D12: Sind alle Isolierstöße korrekt dargestellt? | F12: FALSE | G12: FALSE | H12: FALSE | I12: =IF(COUNTIF(F12:H12,TRUE)=0,"offen",IF(COUNTIF(F12:H12,TRUE)>1,"mehrfach!",IF(G12=TRUE,"n. i. O.","erledigt"))) -> offen
A13: 6 | B13: TIP S3 | C13: Nr. 4 | D13: Ist bei gemeinsam isolierten Weichen die Weiche mit AZG-Befehl mit einem * gekennzeichnet? | F13: FALSE | G13: FALSE | H13: FALSE | I13: =IF(COUNTIF(F13:H13,TRUE)=0,"offen",IF(COUNTIF(F13:H13,TRUE)>1,"mehrfach!",IF(G13=TRUE,"n. i. O.","erledigt"))) -> offen
A14: 7 | B14: TIP S3 | C14: Nr. 5 | D14: Ist bei allen Gleisen ein Verschlussmelder dargestellt? | E14: ↓ SG 3.1.11 | F14: FALSE | G14: FALSE | H14: FALSE | I14: =IF(COUNTIF(F14:H14,TRUE)=0,"offen",IF(COUNTIF(F14:H14,TRUE)>1,"mehrfach!",IF(G14=TRUE,"n. i. O.","erledigt"))) -> offen
A15: 8 | B15: TIP S3 | C15: Nr. 6 | D15: Sind alle notwendigen Bahnhofszeilen dargestellt? | F15: FALSE | G15: FALSE | H15: FALSE | I15: =IF(COUNTIF(F15:H15,TRUE)=0,"offen",IF(COUNTIF(F15:H15,TRUE)>1,"mehrfach!",IF(G15=TRUE,"n. i. O.","erledigt"))) -> offen
A16: 9 | B16: TIP S3 | C16: Nr. 7 | D16: Ist bei Kreuzungsweichen (EKW oder DKW) der Weichenteil mit Merkhinweisen mit * gekennzeichnet? | F16: FALSE | G16: FALSE | H16: FALSE | I16: =IF(COUNTIF(F16:H16,TRUE)=0,"offen",IF(COUNTIF(F16:H16,TRUE)>1,"mehrfach!",IF(G16=TRUE,"n. i. O.","erledigt"))) -> offen
A17: 10 | B17: TIP S3 | C17: Nr. 8 | D17: Entspricht der Aufbau dem Design Style Guide? (Ergebnis aus den SG-Fragen dieses Abschnitts) | E17: ↓ SG 3.1 | F17: FALSE | G17: FALSE | H17: FALSE | I17: =IF(COUNTIF(F17:H17,TRUE)=0,"offen",IF(COUNTIF(F17:H17,TRUE)>1,"mehrfach!",IF(G17=TRUE,"n. i. O.","erledigt"))) -> offen
A18: Styleguide Kap. 3.1 – Lupenbilder
A19: 3.1.1 Bereichsende ESTW-Zentralblock
A20: 11 | B20: SG | C20: 3.1.1 | D20: Sind Start-/Zielpunkte ohne Signal bei zweigleisigen Strecken – soweit möglich – in Fahrtrichtung rechts vom Gleis angeordnet (Ril 819.0603)? | F20: FALSE | G20: FALSE | H20: FALSE | I20: =IF(COUNTIF(F20:H20,TRUE)=0,"offen",IF(COUNTIF(F20:H20,TRUE)>1,"mehrfach!",IF(G20=TRUE,"n. i. O.","erledigt"))) -> offen
A21: 12 | B21: SG | C21: 3.1.1 | D21: Sind kombinierte Blockstart-/Zielpunkte auf der Gleisseite dargestellt, auf der auch die Start-/Zielsignale (ESig/Zbk/LBK/BK) dargestellt sind (LH 415.9212_A1-430)? | F21: FALSE | G21: FALSE | H21: FALSE | I21: =IF(COUNTIF(F21:H21,TRUE)=0,"offen",IF(COUNTIF(F21:H21,TRUE)>1,"mehrfach!",IF(G21=TRUE,"n. i. O.","erledigt"))) -> offen
A22: 13 | B22: SG | C22: 3.1.1 | D22: Ist jeder Blockstartpunkt auf der Gleisseite des zugehörigen Zielsignals und jeder Blockzielpunkt auf der Gleisseite des zugehörigen Startsignals dargestellt, sodass Kreuzbedienungen vermieden werden? | F22: FALSE | G22: FALSE | H22: FALSE | I22: =IF(COUNTIF(F22:H22,TRUE)=0,"offen",IF(COUNTIF(F22:H22,TRUE)>1,"mehrfach!",IF(G22=TRUE,"n. i. O.","erledigt"))) -> offen
A23: 3.1.2 Bereichsende mit Bereichsgrenze vor dem Einfahrsignal
A24: 14 | B24: SG | C24: 3.1.2 | D24: Wird bei einer Bereichsgrenze direkt vor dem Einfahrsignal die Gleisbelegung des letzten Streckengleisabschnitts übertragen und auf der Lupe dargestellt? | F24: FALSE | G24: FALSE | H24: FALSE | I24: =IF(COUNTIF(F24:H24,TRUE)=0,"offen",IF(COUNTIF(F24:H24,TRUE)>1,"mehrfach!",IF(G24=TRUE,"n. i. O.","erledigt"))) -> offen
A25: 15 | B25: SG | C25: 3.1.2 | D25: Hat das Bereichsende den BHA-Befehl (Auflösung bei Störung der Datenverbindung zum Nachbarn), obwohl die Zentralblockfahrstraße zum Bereichsende nicht einstellbar ist? | F25: FALSE | G25: FALSE | H25: FALSE | I25: =IF(COUNTIF(F25:H25,TRUE)=0,"offen",IF(COUNTIF(F25:H25,TRUE)>1,"mehrfach!",IF(G25=TRUE,"n. i. O.","erledigt"))) -> offen
A26: 16 | B26: SG | C26: 3.1.2 | D26: Liegt die Maustrefferfläche für die BHA-Bedienung auf der Bezeichnung des Bereichsendes? | F26: FALSE | G26: FALSE | H26: FALSE | I26: =IF(COUNTIF(F26:H26,TRUE)=0,"offen",IF(COUNTIF(F26:H26,TRUE)>1,"mehrfach!",IF(G26=TRUE,"n. i. O.","erledigt"))) -> offen
A27: 3.1.3 Anordnung von SM-Grenzen im ESTW-Zentralblock
A28: 17 | B28: SG | C28: 3.1.3 | D28: Ist die Bezeichnung von Fahrstraßenzielen analog zu Signalelementen in Fahrtrichtung vor dem Symbol projektiert? | F28: FALSE | G28: FALSE | H28: FALSE | I28: =IF(COUNTIF(F28:H28,TRUE)=0,"offen",IF(COUNTIF(F28:H28,TRUE)>1,"mehrfach!",IF(G28=TRUE,"n. i. O.","erledigt"))) -> offen
A29: 18 | B29: SG | C29: 3.1.3 | D29: Sind Fahrstraßenziele auf der Gleisseite dargestellt, auf der sich auch das Zielsignal befindet (Start-/Zielbedienung auf einer Gleisseite)? | F29: FALSE | G29: FALSE | H29: FALSE | I29: =IF(COUNTIF(F29:H29,TRUE)=0,"offen",IF(COUNTIF(F29:H29,TRUE)>1,"mehrfach!",IF(G29=TRUE,"n. i. O.","erledigt"))) -> offen
A30: 19 | B30: SG | C30: 3.1.3 | D30: Sind nur bedienbare Teilfahrstraßen projektiert – über mindestens einen Gleisabschnitt oder vom Startsignal zu einem virtuellen Zielsignal? | F30: FALSE | G30: FALSE | H30: FALSE | I30: =IF(COUNTIF(F30:H30,TRUE)=0,"offen",IF(COUNTIF(F30:H30,TRUE)>1,"mehrfach!",IF(G30=TRUE,"n. i. O.","erledigt"))) -> offen
A31: 20 | B31: SG | C31: 3.1.3 | D31: Steht ein Hauptsignal direkt an der SM-Grenze: Stellt sich die Teilfahrstraße von der SM-Grenze zum Zielsignal automatisch ein, ohne dass dafür Bedienelemente projektiert sind? | F31: FALSE | G31: FALSE | H31: FALSE | I31: =IF(COUNTIF(F31:H31,TRUE)=0,"offen",IF(COUNTIF(F31:H31,TRUE)>1,"mehrfach!",IF(G31=TRUE,"n. i. O.","erledigt"))) -> offen
A32: 21 | B32: SG | C32: 3.1.3.1 | D32: SM-Grenze vor bzw. hinter einem Hauptsignal: Sind die Fahrstraßen in beiden Richtungen mit den vorgesehenen Start-/Zielbedienungen einstellbar und stellt sich die Blockfahrstraße von der SM-Grenze automatisch ein? | F32: FALSE | G32: FALSE | H32: FALSE | I32: =IF(COUNTIF(F32:H32,TRUE)=0,"offen",IF(COUNTIF(F32:H32,TRUE)>1,"mehrfach!",IF(G32=TRUE,"n. i. O.","erledigt"))) -> offen
A33: 22 | B33: SG | C33: 3.1.3.2 | D33: SM-Grenze vor einem Einfahr- oder Blocksignal, Darstellung auf einem Lupenbild: Entfällt der Elementbezeichner des Bereichsendes direkt vor dem Zielsignal? | F33: FALSE | G33: FALSE | H33: FALSE | I33: =IF(COUNTIF(F33:H33,TRUE)=0,"offen",IF(COUNTIF(F33:H33,TRUE)>1,"mehrfach!",IF(G33=TRUE,"n. i. O.","erledigt"))) -> offen
A34: 23 | B34: SG | C34: 3.1.3.2 | D34: Darstellung auf zwei Lupenbildern: Sind alle Elementbezeichner der Bereichsenden projektiert, und entfällt bei Bezeichnern ohne Bedienhandlung das Symbol (blaues Dreieck)? | F34: FALSE | G34: FALSE | H34: FALSE | I34: =IF(COUNTIF(F34:H34,TRUE)=0,"offen",IF(COUNTIF(F34:H34,TRUE)>1,"mehrfach!",IF(G34=TRUE,"n. i. O.","erledigt"))) -> offen
A35: 24 | B35: SG | C35: 3.1.3.3 | D35: SM-Grenze zwischen zwei Gleisabschnitten ohne Signal: Sind die vorgesehenen Bedienhandlungen möglich, und ist die jeweils erste Zentralblockfahrstraße nicht kommandierbar? | F35: FALSE | G35: FALSE | H35: FALSE | I35: =IF(COUNTIF(F35:H35,TRUE)=0,"offen",IF(COUNTIF(F35:H35,TRUE)>1,"mehrfach!",IF(G35=TRUE,"n. i. O.","erledigt"))) -> offen
A36: 25 | B36: SG | C36: 3.1.3.4 | D36: SM-Grenze zwischen zwei Hauptsignalen (Signale an EAMs unterschiedlicher SMs): Ist die Darstellung ohne Fuß-an-Fuß-Anordnung mit gemeinsamem Fahrwegmelder (FM) korrekt umgesetzt? | F36: FALSE | G36: FALSE | H36: FALSE | I36: =IF(COUNTIF(F36:H36,TRUE)=0,"offen",IF(COUNTIF(F36:H36,TRUE)>1,"mehrfach!",IF(G36=TRUE,"n. i. O.","erledigt"))) -> offen
A37: 3.1.4 Gleise über Lupenbildgrenze
A38: 26 | B38: SG | C38: 3.1.4 | D38: Ist bei zwei- und mehrgleisigen Strecken das in Regelrichtung abgehende Streckengleis der Betriebsstelle zugeordnet und auf deren Lupenbild dargestellt? | E38: ↓ TIP S3 Nr. 20 | F38: FALSE | G38: FALSE | H38: FALSE | I38: =IF(COUNTIF(F38:H38,TRUE)=0,"offen",IF(COUNTIF(F38:H38,TRUE)>1,"mehrfach!",IF(G38=TRUE,"n. i. O.","erledigt"))) -> offen
A39: 27 | B39: SG | C39: 3.1.4 | D39: Ist bei Elementen auf zwei Lupenbildern die Gleisbezeichnung nur auf dem Lupenbild projektiert, von dem aus die Bedienung möglich sein soll (Ril 819.0603)? | F39: FALSE | G39: FALSE | H39: FALSE | I39: =IF(COUNTIF(F39:H39,TRUE)=0,"offen",IF(COUNTIF(F39:H39,TRUE)>1,"mehrfach!",IF(G39=TRUE,"n. i. O.","erledigt"))) -> offen
A40: 28 | B40: SG | C40: 3.1.4 | D40: Ist das GA-Feld (Merkhinweisart, Zugnummer) auf dem Lupenbild mit dem Startsignal der Folgefahrstraße(n) gespiegelt und mit Spiegelfeldbezeichner ohne Gleisbezeichnung dargestellt? | F40: FALSE | G40: FALSE | H40: FALSE | I40: =IF(COUNTIF(F40:H40,TRUE)=0,"offen",IF(COUNTIF(F40:H40,TRUE)>1,"mehrfach!",IF(G40=TRUE,"n. i. O.","erledigt"))) -> offen
A41: 29 | B41: SG | C41: 3.1.4 | D41: Eingleisige Strecke: Ist das Lupenbild für den Elementbezeichner des Streckengleises in Planung/Projektierung festgelegt und die Spiegelung analog umgesetzt? | F41: FALSE | G41: FALSE | H41: FALSE | I41: =IF(COUNTIF(F41:H41,TRUE)=0,"offen",IF(COUNTIF(F41:H41,TRUE)>1,"mehrfach!",IF(G41=TRUE,"n. i. O.","erledigt"))) -> offen
A42: 3.1.5 Ausfahrziele
A43: 30 | B43: SG | C43: 3.1.5 | D43: Sind Ausfahrziele in Fahrtrichtung rechts vom Gleis dargestellt (LH 415.9212)? | F43: FALSE | G43: FALSE | H43: FALSE | I43: =IF(COUNTIF(F43:H43,TRUE)=0,"offen",IF(COUNTIF(F43:H43,TRUE)>1,"mehrfach!",IF(G43=TRUE,"n. i. O.","erledigt"))) -> offen
A44: 31 | B44: SG | C44: 3.1.5.1 | D44: Zentralblock, zweigleisig mit GWB: Sind die Elementbezeichner der Ausfahrziele auf Höhe der Erlaubnismelder platziert und dient der BLÜM als Ausfahrzielbezeichner? | F44: FALSE | G44: FALSE | H44: FALSE | I44: =IF(COUNTIF(F44:H44,TRUE)=0,"offen",IF(COUNTIF(F44:H44,TRUE)>1,"mehrfach!",IF(G44=TRUE,"n. i. O.","erledigt"))) -> offen
A45: 32 | B45: SG | C45: 3.1.5.1 | D45: Zentralblock, zweigleisig mit GWB: Erfolgen Fahrstraßenkommandos (FA, FHA …) auf dem Zielelement und Block-Elementkommandos (EA, EL …) auf dem Erlaubnismelder? | F45: FALSE | G45: FALSE | H45: FALSE | I45: =IF(COUNTIF(F45:H45,TRUE)=0,"offen",IF(COUNTIF(F45:H45,TRUE)>1,"mehrfach!",IF(G45=TRUE,"n. i. O.","erledigt"))) -> offen
A46: 33 | B46: SG | C46: 3.1.5.2 | D46: Zentralblock, zweigleisig ohne Erlaubniswechsel: Sind die virtuellen Start-/Zielelemente „AG“ und „MAPEG“ nur bei projektierten Ein-/Ausfahr-Zughilfsstraßen vorhanden? | F46: FALSE | G46: FALSE | H46: FALSE | I46: =IF(COUNTIF(F46:H46,TRUE)=0,"offen",IF(COUNTIF(F46:H46,TRUE)>1,"mehrfach!",IF(G46=TRUE,"n. i. O.","erledigt"))) -> offen
A47: 34 | B47: SG | C47: 3.1.5.3 | D47: Selbstblock, zweigleisig mit GWB: Sind die Elementbezeichner der Ausfahrziele auf Höhe der Erlaubnismelder platziert? | F47: FALSE | G47: FALSE | H47: FALSE | I47: =IF(COUNTIF(F47:H47,TRUE)=0,"offen",IF(COUNTIF(F47:H47,TRUE)>1,"mehrfach!",IF(G47=TRUE,"n. i. O.","erledigt"))) -> offen
A48: 35 | B48: SG | C48: 3.1.5.4 | D48: Selbstblock, zweigleisig ohne Erlaubniswechsel: Sind „AG“ und „PEG“ nur bei projektierten Ein-/Ausfahr-Zughilfsstraßen vorhanden? | F48: FALSE | G48: FALSE | H48: FALSE | I48: =IF(COUNTIF(F48:H48,TRUE)=0,"offen",IF(COUNTIF(F48:H48,TRUE)>1,"mehrfach!",IF(G48=TRUE,"n. i. O.","erledigt"))) -> offen
A49: 36 | B49: SG | C49: 3.1.5.5 | D49: Relaisblock, zweigleisig mit GWB: Sind die Ausfahrziele zwischen Einfahrsignal und Vorblockmelder platziert? | F49: FALSE | G49: FALSE | H49: FALSE | I49: =IF(COUNTIF(F49:H49,TRUE)=0,"offen",IF(COUNTIF(F49:H49,TRUE)>1,"mehrfach!",IF(G49=TRUE,"n. i. O.","erledigt"))) -> offen
A50: 37 | B50: SG | C50: 3.1.5.6 | D50: Relaisblock, zweigleisig ohne Erlaubniswechsel: Sind „AG“ und „PEG“ nur bei projektierten Ein-/Ausfahr-Zughilfsstraßen vorhanden? | F50: FALSE | G50: FALSE | H50: FALSE | I50: =IF(COUNTIF(F50:H50,TRUE)=0,"offen",IF(COUNTIF(F50:H50,TRUE)>1,"mehrfach!",IF(G50=TRUE,"n. i. O.","erledigt"))) -> offen
A51: 3.1.6 Gleisbezeichnung
A52: 38 | B52: SG | C52: 3.1.6 | D52: Sind Gleisbezeichnungen in der Regel über dem Gleis dargestellt (Ausnahmen nur zur besseren Übersichtlichkeit)? | F52: FALSE | G52: FALSE | H52: FALSE | I52: =IF(COUNTIF(F52:H52,TRUE)=0,"offen",IF(COUNTIF(F52:H52,TRUE)>1,"mehrfach!",IF(G52=TRUE,"n. i. O.","erledigt"))) -> offen
A53: 39 | B53: SG | C53: 3.1.6 | D53: Ist bei Gleisen mit GA-Feld die Bezeichnung über dem GA-Feld platziert und bleibt sie auch ohne angezeigte Zugnummer an dieser Stelle? | F53: FALSE | G53: FALSE | H53: FALSE | I53: =IF(COUNTIF(F53:H53,TRUE)=0,"offen",IF(COUNTIF(F53:H53,TRUE)>1,"mehrfach!",IF(G53=TRUE,"n. i. O.","erledigt"))) -> offen
A54: 3.1.7 Bahnsteige
A55: 40 | B55: SG | C55: 3.1.7 | D55: Sind Bahnsteigsymbole über die gesamte Länge des GA-Feldes dargestellt (Gleisbezeichnung darf dann unter dem Gleis stehen)? | F55: FALSE | G55: FALSE | H55: FALSE | I55: =IF(COUNTIF(F55:H55,TRUE)=0,"offen",IF(COUNTIF(F55:H55,TRUE)>1,"mehrfach!",IF(G55=TRUE,"n. i. O.","erledigt"))) -> offen
A56: 41 | B56: SG | C56: 3.1.7 | D56: Sind Bahnsteigkanten, wo vom Betrieb gewünscht, zusammenhängend dargestellt (über mehrere Gleisabschnitte bzw. zwei Lupen)? | F56: FALSE | G56: FALSE | H56: FALSE | I56: =IF(COUNTIF(F56:H56,TRUE)=0,"offen",IF(COUNTIF(F56:H56,TRUE)>1,"mehrfach!",IF(G56=TRUE,"n. i. O.","erledigt"))) -> offen
A57: 42 | B57: SG | C57: 3.1.7 | D57: Ist bei Zugdeckungssignalen am Bahnsteig die Bahnsteigkante zur Darstellung des Signals unterbrochen? | F57: FALSE | G57: FALSE | H57: FALSE | I57: =IF(COUNTIF(F57:H57,TRUE)=0,"offen",IF(COUNTIF(F57:H57,TRUE)>1,"mehrfach!",IF(G57=TRUE,"n. i. O.","erledigt"))) -> offen
A58: 3.1.8 Virtuelle Fahrstraßenziele
A59: 43 | B59: SG | C59: 3.1.8 | D59: Ist das virtuelle Rangierziel wie der Kopf eines Sperrsignals über dem Isolierstoß (in Fahrtrichtung hinter dem Isolierstoß) dargestellt – auch für die Gegenrichtung? | F59: FALSE | G59: FALSE | H59: FALSE | I59: =IF(COUNTIF(F59:H59,TRUE)=0,"offen",IF(COUNTIF(F59:H59,TRUE)>1,"mehrfach!",IF(G59=TRUE,"n. i. O.","erledigt"))) -> offen
A60: 44 | B60: SG | C60: 3.1.8.1 | D60: Ist das Fahrstraßenziel an einem Stumpfgleis auf Höhe des letzten Gleiselements am Gleisende dargestellt? | F60: FALSE | G60: FALSE | H60: FALSE | I60: =IF(COUNTIF(F60:H60,TRUE)=0,"offen",IF(COUNTIF(F60:H60,TRUE)>1,"mehrfach!",IF(G60=TRUE,"n. i. O.","erledigt"))) -> offen
A61: 3.1.9 Stellbarkeitsmelder für MW-Teilfahrstraße
A62: 45 | B62: SG | C62: 3.1.9 | D62: Ist der MW-Stellbarkeitsmelder neben dem Signalfuß des Startsignals platziert (bei Platzmangel vor der Signalbezeichnung)? | F62: FALSE | G62: FALSE | H62: FALSE | I62: =IF(COUNTIF(F62:H62,TRUE)=0,"offen",IF(COUNTIF(F62:H62,TRUE)>1,"mehrfach!",IF(G62=TRUE,"n. i. O.","erledigt"))) -> offen
A63: 3.1.10 Betriebsstellenbezeichner mit Bedienfunktion
A64: 46 | B64: SG | C64: 3.1.10 | D64: Entspricht der bedienbare Betriebsstellenbezeichner der Bildungsregel „Typ + Name 16 + (Ril100-Abk.) + Kennzahl(en)“ nach Ril 819.0603A01 und Ril100-Datenbank? | E64: ↓ TIP S3 Nr. 26 | F64: FALSE | G64: FALSE | H64: FALSE | I64: =IF(COUNTIF(F64:H64,TRUE)=0,"offen",IF(COUNTIF(F64:H64,TRUE)>1,"mehrfach!",IF(G64=TRUE,"n. i. O.","erledigt"))) -> offen
A65: 47 | B65: SG | C65: 3.1.10 | D65: Ist der bedienbare Betriebsstellenbezeichner eingerahmt und die Ril100-Abkürzung in Klammern gesetzt? | F65: FALSE | G65: FALSE | H65: FALSE | I65: =IF(COUNTIF(F65:H65,TRUE)=0,"offen",IF(COUNTIF(F65:H65,TRUE)>1,"mehrfach!",IF(G65=TRUE,"n. i. O.","erledigt"))) -> offen
A66: 48 | B66: SG | C66: 3.1.10 | D66: Werden nur Kennzahlen dargestellt, von denen mindestens ein bedienbares Element im Lupenbild abgebildet ist? | F66: FALSE | G66: FALSE | H66: FALSE | I66: =IF(COUNTIF(F66:H66,TRUE)=0,"offen",IF(COUNTIF(F66:H66,TRUE)>1,"mehrfach!",IF(G66=TRUE,"n. i. O.","erledigt"))) -> offen
A67: 49 | B67: SG | C67: 3.1.10 | D67: Ist das „Mausparkhaus“ im Bereich des bedienbaren Bahnhofsbezeichners positioniert? | F67: FALSE | G67: FALSE | H67: FALSE | I67: =IF(COUNTIF(F67:H67,TRUE)=0,"offen",IF(COUNTIF(F67:H67,TRUE)>1,"mehrfach!",IF(G67=TRUE,"n. i. O.","erledigt"))) -> offen
A68: 50 | B68: SG | C68: 3.1.10 | D68: Sind die Weichenlaufkettenmelder rechts vom bedienbaren Betriebsstellenbezeichner angeordnet? | F68: FALSE | G68: FALSE | H68: FALSE | I68: =IF(COUNTIF(F68:H68,TRUE)=0,"offen",IF(COUNTIF(F68:H68,TRUE)>1,"mehrfach!",IF(G68=TRUE,"n. i. O.","erledigt"))) -> offen
A69: 3.1.11 Betriebsstellenbezeichner ohne Bedienfunktion
A70: 51 | B70: SG | C70: 3.1.11 | D70: Sind Betriebsstellen ohne bedienbaren Bezeichner mit Typ und Kurzname (Name 16), jedoch ohne Ril100-Bezeichnung und Kennzahlbereich dargestellt (Ril 819.0603, Abschn. 4 (11))? | E70: ↑ TIP S3 Nr. 5 | F70: FALSE | G70: FALSE | H70: FALSE | I70: =IF(COUNTIF(F70:H70,TRUE)=0,"offen",IF(COUNTIF(F70:H70,TRUE)>1,"mehrfach!",IF(G70=TRUE,"n. i. O.","erledigt"))) -> offen
A71: 52 | B71: SG | C71: 3.1.11.1 | D71: Gleis mit zwei „rechten Enden“: Ist der Verschlussmelder an geeigneter Stelle im Gleis platziert (nicht am Gleisende direkt neben einem zweiten Verschlussmelder)? | F71: FALSE | G71: FALSE | H71: FALSE | I71: =IF(COUNTIF(F71:H71,TRUE)=0,"offen",IF(COUNTIF(F71:H71,TRUE)>1,"mehrfach!",IF(G71=TRUE,"n. i. O.","erledigt"))) -> offen
A72: 53 | B72: SG | C72: 3.1.11.2 | D72: Gleis mit zwei „linken Enden“: Ist der Verschlussmelder am Ende mit Signal platziert bzw. – bei Signalen an beiden Enden – dort, wo sich die Gleisbezeichnung befindet? | F72: FALSE | G72: FALSE | H72: FALSE | I72: =IF(COUNTIF(F72:H72,TRUE)=0,"offen",IF(COUNTIF(F72:H72,TRUE)>1,"mehrfach!",IF(G72=TRUE,"n. i. O.","erledigt"))) -> offen
A73: 3.1.12 Symbolanordnung von Signalen
A74: 54 | B74: SG | C74: 3.1.12 | D74: Sind Einfahr- und Blocksignale am Regelgleis sowie Ausfahr- und Zwischensignale (auch Gruppenausfahrsignale) rechts vom Gleis angeordnet? | E74: ↓ TIP S3 Nr. 19 | F74: FALSE | G74: FALSE | H74: FALSE | I74: =IF(COUNTIF(F74:H74,TRUE)=0,"offen",IF(COUNTIF(F74:H74,TRUE)>1,"mehrfach!",IF(G74=TRUE,"n. i. O.","erledigt"))) -> offen
A75: 55 | B75: SG | C75: 3.1.12 | D75: Sind Sperr- und Zugdeckungssignale rechts vom Gleis angeordnet? | F75: FALSE | G75: FALSE | H75: FALSE | I75: =IF(COUNTIF(F75:H75,TRUE)=0,"offen",IF(COUNTIF(F75:H75,TRUE)>1,"mehrfach!",IF(G75=TRUE,"n. i. O.","erledigt"))) -> offen
A76: 56 | B76: SG | C76: 3.1.12 | D76: Sind Blockkennzeichen und ETCS-Halt-Tafeln im Bahnhof und auf der Strecke am Regelgleis rechts vom Gleis angeordnet? | F76: FALSE | G76: FALSE | H76: FALSE | I76: =IF(COUNTIF(F76:H76,TRUE)=0,"offen",IF(COUNTIF(F76:H76,TRUE)>1,"mehrfach!",IF(G76=TRUE,"n. i. O.","erledigt"))) -> offen
A77: 57 | B77: SG | C77: 3.1.12 | D77: Sind Vorsignale, Vorsignalwiederholer und alleinstehende Zusatzanzeiger am Regelgleis rechts vom Gleis angeordnet (auch innerhalb Abzw/Üst)? | F77: FALSE | G77: FALSE | H77: FALSE | I77: =IF(COUNTIF(F77:H77,TRUE)=0,"offen",IF(COUNTIF(F77:H77,TRUE)>1,"mehrfach!",IF(G77=TRUE,"n. i. O.","erledigt"))) -> offen
A78: 58 | B78: SG | C78: 3.1.12 | D78: Sind Einfahr- und Blocksignale am Gegengleis links vom Gleis angeordnet? | F78: FALSE | G78: FALSE | H78: FALSE | I78: =IF(COUNTIF(F78:H78,TRUE)=0,"offen",IF(COUNTIF(F78:H78,TRUE)>1,"mehrfach!",IF(G78=TRUE,"n. i. O.","erledigt"))) -> offen
A79: 59 | B79: SG | C79: 3.1.12 | D79: Sind Blockkennzeichen und ETCS-Halt-Tafeln am Gegengleis (Gegenrichtung) links vom Gleis angeordnet? | F79: FALSE | G79: FALSE | H79: FALSE | I79: =IF(COUNTIF(F79:H79,TRUE)=0,"offen",IF(COUNTIF(F79:H79,TRUE)>1,"mehrfach!",IF(G79=TRUE,"n. i. O.","erledigt"))) -> offen
A80: 60 | B80: SG | C80: 3.1.12 | D80: Sind Vorsignale, Vorsignalwiederholer und alleinstehende Zusatzanzeiger am Gegengleis links vom Gleis angeordnet (auch innerhalb Abzw/Üst)? | F80: FALSE | G80: FALSE | H80: FALSE | I80: =IF(COUNTIF(F80:H80,TRUE)=0,"offen",IF(COUNTIF(F80:H80,TRUE)>1,"mehrfach!",IF(G80=TRUE,"n. i. O.","erledigt"))) -> offen
A81: 61 | B81: SG | C81: 3.1.12 | D81: Entspricht die Darstellung alleinstehender Vorsignale und Vorsignalwiederholer dem LH 415.9212_A1-89? | F81: FALSE | G81: FALSE | H81: FALSE | I81: =IF(COUNTIF(F81:H81,TRUE)=0,"offen",IF(COUNTIF(F81:H81,TRUE)>1,"mehrfach!",IF(G81=TRUE,"n. i. O.","erledigt"))) -> offen
A82: 3.1.13 FPÜ-Element für Wirksamkeitsschaltung der Fü-Anlage (BÜ)
A83: 62 | B83: SG | C83: 3.1.13 | D83: Ist das FPÜ-Element (THU-Kommando) der Wirksamkeitsschaltung an topologischer Position in Fahrtrichtung rechts vom Gleis (vor dem Blocksignal, nicht am BÜ) dargestellt? | F83: FALSE | G83: FALSE | H83: FALSE | I83: =IF(COUNTIF(F83:H83,TRUE)=0,"offen",IF(COUNTIF(F83:H83,TRUE)>1,"mehrfach!",IF(G83=TRUE,"n. i. O.","erledigt"))) -> offen
A84: 63 | B84: SG | C84: 3.1.13 | D84: Erfolgt die THU-Bedienung bis LBS 4.1.x auf der Bezeichnung der Wirksamkeitsschaltung bzw. ab LBS 4.5.x auf der BÜ-Bezeichnung (WS-Bezeichnung dann nur statisch weißer Text)? | F84: FALSE | G84: FALSE | H84: FALSE | I84: =IF(COUNTIF(F84:H84,TRUE)=0,"offen",IF(COUNTIF(F84:H84,TRUE)>1,"mehrfach!",IF(G84=TRUE,"n. i. O.","erledigt"))) -> offen
A85: 3.1.14 Darstellung von Streckenschlüsselsperren
A86: 64 | B86: SG | C86: 3.1.14 | D86: Sind Schlüsselsymbol und Bezeichnung der Streckenschlüsselsperre oberhalb des Gleises dargestellt? | F86: FALSE | G86: FALSE | H86: FALSE | I86: =IF(COUNTIF(F86:H86,TRUE)=0,"offen",IF(COUNTIF(F86:H86,TRUE)>1,"mehrfach!",IF(G86=TRUE,"n. i. O.","erledigt"))) -> offen
A87: 65 | B87: SG | C87: 3.1.14 | D87: Ist die „Spitze“ der Schlüsselsperre (Verschlussmelder) in Richtung des Einfahrsignals positioniert? | F87: FALSE | G87: FALSE | H87: FALSE | I87: =IF(COUNTIF(F87:H87,TRUE)=0,"offen",IF(COUNTIF(F87:H87,TRUE)>1,"mehrfach!",IF(G87=TRUE,"n. i. O.","erledigt"))) -> offen
A88: 3.1.15 Platzierung von Anbietefeldern
A89: 66 | B89: SG | C89: 3.1.15 | D89: Sind Anbietefelder an der Stellwerksgrenze vor dem ersten in Fahrtrichtung stehenden Hauptsignal in Höhe des ZN-Meldeortes des Streckengleises platziert? | E89: ↓ TIP S3 Nr. 40 | F89: FALSE | G89: FALSE | H89: FALSE | I89: =IF(COUNTIF(F89:H89,TRUE)=0,"offen",IF(COUNTIF(F89:H89,TRUE)>1,"mehrfach!",IF(G89=TRUE,"n. i. O.","erledigt"))) -> offen
A90: 3.1.16 Bezeichnung von Anbietefeldern
A91: 67 | B91: SG | C91: 3.1.16 | D91: Erhalten Anbietefelder den Bedienbezeichner „Kennzahl + B + Streckengleis + A“ (z. B. 63B0104A) und den Oberflächenbezeichner „A + Streckengleis“ (z. B. A0104) gemäß Ril 819.0603A01? | F91: FALSE | G91: FALSE | H91: FALSE | I91: =IF(COUNTIF(F91:H91,TRUE)=0,"offen",IF(COUNTIF(F91:H91,TRUE)>1,"mehrfach!",IF(G91=TRUE,"n. i. O.","erledigt"))) -> offen
A92: 68 | B92: SG | C92: 3.1.16 | D92: Bei Übertragung der Freimeldung über Zentralblock in eine andere UZ: Sind Oberflächen- und Bedienbezeichner von GA-Feld und Anbietefeld so gebildet, dass sie innerhalb der Steuerzentrale eindeutig sind? | F92: FALSE | G92: FALSE | H92: FALSE | I92: =IF(COUNTIF(F92:H92,TRUE)=0,"offen",IF(COUNTIF(F92:H92,TRUE)>1,"mehrfach!",IF(G92=TRUE,"n. i. O.","erledigt"))) -> offen
A93: 3.1.17 Spiegelfelder
A94: 69 | B94: SG | C94: 3.1.17 | D94: Sind ZN-Spiegelfelder in der Lupe, soweit gefordert, gemäß Ril 819.0603 dargestellt? | F94: FALSE | G94: FALSE | H94: FALSE | I94: =IF(COUNTIF(F94:H94,TRUE)=0,"offen",IF(COUNTIF(F94:H94,TRUE)>1,"mehrfach!",IF(G94=TRUE,"n. i. O.","erledigt"))) -> offen
A95: 3.1.18 Bezeichnung der Nachbarbetriebsstellen
A96: 70 | B96: SG | C96: 3.1.18 | D96: Sind Nachbarbetriebsstellen (Zugmeldestellen) mit statisch weißem Text „v/n“ + Name bezeichnet, ohne benachbarte Haltepunkte oder Awanst (LH 415.9212, A1)? | F96: FALSE | G96: FALSE | H96: FALSE | I96: =IF(COUNTIF(F96:H96,TRUE)=0,"offen",IF(COUNTIF(F96:H96,TRUE)>1,"mehrfach!",IF(G96=TRUE,"n. i. O.","erledigt"))) -> offen
A97: 3.1.19 Bezeichnung von Bahnübergängen
A98: 71 | B98: SG | C98: 3.1.19 | D98: Sind Bahnübergänge entsprechend der Kilometrierung mit einer Nachkommastelle bezeichnet? | F98: FALSE | G98: FALSE | H98: FALSE | I98: =IF(COUNTIF(F98:H98,TRUE)=0,"offen",IF(COUNTIF(F98:H98,TRUE)>1,"mehrfach!",IF(G98=TRUE,"n. i. O.","erledigt"))) -> offen
A99: 72 | B99: SG | C99: 3.1.19 | D99: Sind bei mehreren Bahnübergängen innerhalb von 100 m die Bezeichnungen mit maximal drei Nachkommastellen eindeutig projektiert? | F99: FALSE | G99: FALSE | H99: FALSE | I99: =IF(COUNTIF(F99:H99,TRUE)=0,"offen",IF(COUNTIF(F99:H99,TRUE)>1,"mehrfach!",IF(G99=TRUE,"n. i. O.","erledigt"))) -> offen
A100: 73 | B100: SG | C100: 3.1.19 | D100: Bei BÜ über mehrere Strecken: Sind optionale Kilometerangaben als statisch weißer Text unter dem BÜ einheitlich für alle BÜ der Unterzentrale umgesetzt? | F100: FALSE | G100: FALSE | H100: FALSE | I100: =IF(COUNTIF(F100:H100,TRUE)=0,"offen",IF(COUNTIF(F100:H100,TRUE)>1,"mehrfach!",IF(G100=TRUE,"n. i. O.","erledigt"))) -> offen
A101: 4 Bereichsübersichtsbilder
...

Sheet Ergebnis
B2: Ergebnis – Prüfprotokoll Bedienoberfläche
B4: Abschnitt | C4: TIP S3 | D4: SG | E4: i. O. | F4: n. i. O. | G4: n. z. | H4: offen | I4: mehrfach
B5: 2 Allgemeine Festlegungen | C5: =COUNTIF(Prüfprotokoll!B6:B7,"TIP S3") -> 0 | D5: =COUNTIF(Prüfprotokoll!B6:B7,"SG") -> 2 | E5: =COUNTIF(Prüfprotokoll!F6:F7,TRUE) -> 0 | F5: =COUNTIF(Prüfprotokoll!G6:G7,TRUE) -> 0 | G5: =COUNTIF(Prüfprotokoll!H6:H7,TRUE) -> 0 | H5: =COUNTIF(Prüfprotokoll!I6:I7,"offen") -> 2 | I5: =COUNTIF(Prüfprotokoll!I6:I7,"mehrfach!") -> 0
B6: 3 Lupenbilder | C6: =COUNTIF(Prüfprotokoll!B9:B100,"TIP S3") -> 8 | D6: =COUNTIF(Prüfprotokoll!B9:B100,"SG") -> 63 | E6: =COUNTIF(Prüfprotokoll!F9:F100,TRUE) -> 0 | F6: =COUNTIF(Prüfprotokoll!G9:G100,TRUE) -> 0 | G6: =COUNTIF(Prüfprotokoll!H9:H100,TRUE) -> 0 | H6: =COUNTIF(Prüfprotokoll!I9:I100,"offen") -> 71 | I6: =COUNTIF(Prüfprotokoll!I9:I100,"mehrfach!") -> 0
B7: 4 Bereichsübersichtsbilder | C7: =COUNTIF(Prüfprotokoll!B102:B137,"TIP S3") -> 2 | D7: =COUNTIF(Prüfprotokoll!B102:B137,"SG") -> 21 | E7: =COUNTIF(Prüfprotokoll!F102:F137,TRUE) -> 0 | F7: =COUNTIF(Prüfprotokoll!G102:G137,TRUE) -> 0 | G7: =COUNTIF(Prüfprotokoll!H102:H137,TRUE) -> 0 | H7: =COUNTIF(Prüfprotokoll!I102:I137,"offen") -> 23 | I7: =COUNTIF(Prüfprotokoll!I102:I137,"mehrfach!") -> 0
B8: 5 Lupe und BerÜ – allgemeine Prüfungen | C8: =COUNTIF(Prüfprotokoll!B139:B160,"TIP S3") -> 21 | D8: =COUNTIF(Prüfprotokoll!B139:B160,"SG") -> 0 | E8: =COUNTIF(Prüfprotokoll!F139:F160,TRUE) -> 0 | F8: =COUNTIF(Prüfprotokoll!G139:G160,TRUE) -> 0 | G8: =COUNTIF(Prüfprotokoll!H139:H160,TRUE) -> 0 | H8: =COUNTIF(Prüfprotokoll!I139:I160,"offen") -> 21 | I8: =COUNTIF(Prüfprotokoll!I139:I160,"mehrfach!") -> 0
B9: 6 Diagnosemeldungen | C9: =COUNTIF(Prüfprotokoll!B162:B166,"TIP S3") -> 4 | D9: =COUNTIF(Prüfprotokoll!B162:B166,"SG") -> 0 | E9: =COUNTIF(Prüfprotokoll!F162:F166,TRUE) -> 0 | F9: =COUNTIF(Prüfprotokoll!G162:G166,TRUE) -> 0 | G9: =COUNTIF(Prüfprotokoll!H162:H166,TRUE) -> 0 | H9: =COUNTIF(Prüfprotokoll!I162:I166,"offen") -> 4 | I9: =COUNTIF(Prüfprotokoll!I162:I166,"mehrfach!") -> 0
B10: 7 Zugnummernanlage und Zuglenkung | C10: =COUNTIF(Prüfprotokoll!B168:B183,"TIP S3") -> 14 | D10: =COUNTIF(Prüfprotokoll!B168:B183,"SG") -> 0 | E10: =COUNTIF(Prüfprotokoll!F168:F183,TRUE) -> 0 | F10: =COUNTIF(Prüfprotokoll!G168:G183,TRUE) -> 0 | G10: =COUNTIF(Prüfprotokoll!H168:H183,TRUE) -> 0 | H10: =COUNTIF(Prüfprotokoll!I168:I183,"offen") -> 12 | I10: =COUNTIF(Prüfprotokoll!I168:I183,"mehrfach!") -> 0
B11: 8 Projektierungsupdate, Toolprüfung, Migration | C11: =COUNTIF(Prüfprotokoll!B185:B192,"TIP S3") -> 5 | D11: =COUNTIF(Prüfprotokoll!B185:B192,"SG") -> 0 | E11: =COUNTIF(Prüfprotokoll!F185:F192,TRUE) -> 0 | F11: =COUNTIF(Prüfprotokoll!G185:G192,TRUE) -> 0 | G11: =COUNTIF(Prüfprotokoll!H185:H192,TRUE) -> 0 | H11: =COUNTIF(Prüfprotokoll!I185:I192,"offen") -> 5 | I11: =COUNTIF(Prüfprotokoll!I185:I192,"mehrfach!") -> 0
B12: Summe | C12: =SUM(C5:C11) -> 54 | D12: =SUM(D5:D11) -> 86 | E12: =SUM(E5:E11) -> 0 | F12: =SUM(F5:F11) -> 0 | G12: =SUM(G5:G11) -> 0 | H12: =SUM(H5:H11) -> 138 | I12: =SUM(I5:I11) -> 0
B14: Davon TIP S3 – n. i. O. | C14: =COUNTIFS(Prüfprotokoll!B5:B192,"TIP S3",Prüfprotokoll!G5:G192,TRUE) -> 0
B15: Davon SG – n. i. O. | C15: =COUNTIFS(Prüfprotokoll!B5:B192,"SG",Prüfprotokoll!G5:G192,TRUE) -> 0
B17: Gesamtergebnis
B18: TIP S3 – alle Prüfschritte durchgeführt | C18: =IF(AND(H12=0,I12=0),"Ja – alle Fragen beantwortet","Nein – "&H12&" offen, "&I12&" mehrfach angehakt") -> Nein – 138 offen, 0 mehrfach angehakt
B19: Bedienoberfläche entspricht dem Styleguide | C19: =IF(H12+I12>0,"Prüfung noch nicht abgeschlossen",IF(COUNTIFS(Prüfprotokoll!B5:B192,"SG",Prüfprotokoll!G5:G192,TRUE)=0,"Ja","Nein / mit dokumentierten Abweichungen")) -> Prüfung noch nicht abgeschlossen
B21: Übertrag der Abweichungen ins Prüfbuch
B22: Kurzbeschreibung | C22: Frage-Nr. | D22: Herkunft | E22: Prüfbuch-Nr. | G22: Bild (Lupe/BerÜ) | I22: Erledigt
I23: FALSE
I24: FALSE
I25: FALSE
I26: FALSE
I27: FALSE
I28: FALSE
I29: FALSE
I30: FALSE
I31: FALSE
I32: FALSE
B34: Unterschriften
C35: Prüfer | G35: Freigebender
B36: Name (Druckbuchstaben)
B37: Firma (falls extern)
B38: Datum
B39: Unterschrift
