Workbook

Sheet Deckblatt
B2: Hitachi Rail
B3: Thalesplatz 1 · 71254 Ditzingen · Germany · www.hitachirail.com
B4: Interne Abnahmeprüfung (FFT) · ITC
B6: TIP Software – Manteldokument
B7: Softwareprüfung ESTW L90 · Domestic · DB InfraGO
B9: Projektdaten (gelbe Felder ausfüllen – werden auf allen Blättern übernommen)
B10: Projekt
B11: Kunde | C11: DB InfraGO
B12: Vertrag (PSP)
B13: Stellwerk (Ril100)
B14: Bauzustand / AZ-Nr.
B15: Dokumentausgabe | C15: 01P01
B17: Ergebnis des Test Instruction Protokolls
B18: FFT Softwareprüfung: Alle vorgegebenen Prüfschritte aus dem Test Instruction Protokoll wurden durchgeführt. | E18: Ja | F18: Nein
E19: FALSE | F19: FALSE
B20: Bemerkungen (falls notwendig)
B22: Ausführender – Prüfer
C23: Datum, Unterschrift | E23: Name (Druckbuchstaben)
B24: Ausführender
B25: Wenn alle Dokumente im Anhang einzeln unterschrieben sind, kann die Gesamtsignatur hier entfallen.
B27: Freigebender (kontrollierende Stelle)
B28: FALSE | C28: Richtige Prüffragen benutzt.
B29: FALSE | C29: TIPs komplett ausgefüllt.
B30: FALSE | C30: Stichprobenkontrolle gemacht.
B31: Bemerkungen (falls notwendig)
B33: Kontrollierende Stelle – Freigebender
C34: Datum, Unterschrift | E34: Name (Druckbuchstaben)
B35: Kontrollierende Stelle
B37: Vollständigkeitskontrolle (automatisch)
B38: Systemfreigaben geprüft (Kap. 2) | C38: =COUNTIF('Kap 2-4 Freigaben+Pläne'!F8:F16,TRUE)&" von "&COUNTA('Kap 2-4 Freigaben+Pläne'!B8:B16)&" Teilsystemen" | E38: =IF(COUNTA('Kap 2-4 Freigaben+Pläne'!B8:B16)=0,"offen",IF(COUNTIF('Kap 2-4 Freigaben+Pläne'!F8:F16,TRUE)>=COUNTA('Kap 2-4 Freigaben+Pläne'!B8:B16),"vollständig","offen"))
B39: PT1-Stände eingetragen (Kap. 3) | C39: =COUNTA('Kap 2-4 Freigaben+Pläne'!C22:C29)&" PT1-Teile eingetragen" | E39: =IF(COUNTA('Kap 2-4 Freigaben+Pläne'!C22:C29)>0,"vollständig","offen")
B40: PT2-Stände eingetragen (Kap. 4) | C40: =COUNTA('Kap 2-4 Freigaben+Pläne'!D46:D50)&" von 3 (SWE, SWET, SWL) mit Bezeichnung" | E40: =IF(COUNTA('Kap 2-4 Freigaben+Pläne'!D46:D50)>=3,"vollständig","offen")
B41: Prüfprotokolle vollständig / n. z. (Kap. 5) | C41: =(COUNTIF('Kap 5 Prüfprotokolle'!J9:J16,"vollständig")+COUNTIF('Kap 5 Prüfprotokolle'!J9:J16,"n. z."))&" von 8 erledigt, "&COUNTIF('Kap 5 Prüfprotokolle'!J9:J16,"Nein!")&" mit Nein" | E41: =IF(COUNTIF('Kap 5 Prüfprotokolle'!J9:J16,"Nein!")>0,"Nein!",IF(COUNTIF('Kap 5 Prüfprotokolle'!J9:J16,"offen")>0,"offen","vollständig"))
B42: Freigebender: Prüfpunkte abgehakt | C42: =COUNTIF(B28:B30,TRUE)&" von 3" | E42: =IF(COUNTIF(B28:B30,TRUE)=3,"vollständig","offen")
B43: Gesamtstatus | C43: =IF(AND(E19=TRUE,F19=FALSE),"Ergebnis: Ja angehakt",IF(F19=TRUE,"Ergebnis: Nein angehakt","Ergebnis noch nicht angehakt")) | E43: =IF(OR(E38="Nein!",E39="Nein!",E40="Nein!",E41="Nein!"),"Nein!",IF(AND(E38="vollständig",E39="vollständig",E40="vollständig",E41="vollständig",E42="vollständig"),"vollständig","offen"))

Sheet Änderungen
B2: Änderungen
B3: ="Projekt: "&Deckblatt!$C$10&" · Stellwerk: "&Deckblatt!$C$13&" · Bauzustand: "&Deckblatt!$C$14
B5: Spezifisches Template
B6: Ausgabe | C6: Datum | D6: Autor | E6: Änderung
B7: 01 | C7: 10.09.2026 | D7: Max Krech | E7: Erstellung des Templates TIP Software
B8: 02 | C8: 08.10.2026 | E8: Neues Layout; Verweis auf die Excel-Prüfprotokolle S1–S6
B10: Dokument
B11: Ausgabe | C11: Datum | D11: Autor | E11: Änderung
B12: 01P01 | E12: Ersterstellung

Sheet Kap 2-4 Freigaben+Pläne
B2: Systemfreigaben und Planungsstände
B3: ="Projekt: "&Deckblatt!$C$10&" · Stellwerk: "&Deckblatt!$C$13&" · Bauzustand: "&Deckblatt!$C$14
B5: 2 Systemfreigaben
B6: Für folgende Produkte wurde überprüft, dass die Systemfreigabe und DB-Zulassung vorliegt:
B7: Teilsystem | C7: Version | D7: Freigabe | E7: DB-Zulassung | F7: geprüft
B8: LBS | F8: FALSE
B9: MEM | F9: FALSE
B10: SM | F10: FALSE
B11: EAM | F11: FALSE
B12: AzLM | F12: FALSE
F13: FALSE
F14: FALSE
F15: FALSE
F16: FALSE
B17: Auflagen, Vorbehalte, Nebenbestimmungen und SAV aus den Freigaben gesondert listen und ggf. auflösen.
B19: 3 Planungsstand PT1
B20: Den Prüfungen liegen folgende PT1-Versionen zu Grunde:
B21: Standort (Ril100) | C21: PT1-Teil | D21: Bezeichnung | E21: Datum Planverzeichnis
B31: 3.1 Ablageort Prüfnachweis
B32: Die Einzelnachweise der Prüfungen werden in Form des Abhakens der einzelnen Anforderungen innerhalb der PT1-Unterlagen vorgenommen. Hier ist der Ablageort anzugeben.
B33: Bezeichnung | C33: Ablageort
B43: 4 Planungsstand PT2
B44: Den Prüfungen liegen folgende PT2-Versionen zu Grunde:
B45: Standort (Ril100) | C45: PT2 | D45: Bezeichnung | E45: Datum Planverzeichnis
C46: SWE
C47: SWET
C48: SWL

Sheet Kap 5 Prüfprotokolle
B2: 5 Übersicht Prüfprotokolle
B3: ="Projekt: "&Deckblatt!$C$10&" · Stellwerk: "&Deckblatt!$C$13&" · Bauzustand: "&Deckblatt!$C$14
B5: Der Anhang besteht aus folgenden Seiten. „Ergebnis“ = Gesamtergebnis des jeweiligen Prüfprotokolls (Blatt „Ergebnis“): Ja = alle Prüfschritte durchgeführt; n. z. = TIP im Projekt nicht relevant.
F7: Ergebnis
B8: Dokumentbezeichnung | C8: Excel-Prüfprotokoll (Datei) | D8: Dok.-Nr. | E8: Edition | F8: Ja | G8: Nein | H8: n. z. | I8: beigefügt | J8: Status
B9: TIP S1 – Software Stellwerkskern | C9: Pruefprotokoll_Stellwerkskern_TIP-S1_L90.xlsx | F9: FALSE | G9: FALSE | H9: FALSE | I9: FALSE | J9: =IF(H9=TRUE,"n. z.",IF(G9=TRUE,"Nein!",IF(AND(F9=TRUE,I9=TRUE),"vollständig","offen"))) -> offen
B10: TIP S2 – Software Fahrstraßenoberfläche | C10: Pruefprotokoll_Fahrstrassenoberflaeche_TIP-S2_L90.xlsx | F10: FALSE | G10: FALSE | H10: FALSE | I10: FALSE | J10: =IF(H10=TRUE,"n. z.",IF(G10=TRUE,"Nein!",IF(AND(F10=TRUE,I10=TRUE),"vollständig","offen"))) -> offen
B11: TIP S3 – Software Bedienoberfläche | C11: Pruefprotokoll_Bedienoberflaeche_TIP-S3_Styleguide_L90.xlsx | F11: FALSE | G11: FALSE | H11: FALSE | I11: FALSE | J11: =IF(H11=TRUE,"n. z.",IF(G11=TRUE,"Nein!",IF(AND(F11=TRUE,I11=TRUE),"vollständig","offen"))) -> offen
B12: TIP S4 – Software AzLM | C12: Pruefprotokoll_AzLM_TIP-S4_L90.xlsx | F12: FALSE | G12: FALSE | H12: FALSE | I12: FALSE | J12: =IF(H12=TRUE,"n. z.",IF(G12=TRUE,"Nein!",IF(AND(F12=TRUE,I12=TRUE),"vollständig","offen"))) -> offen
B13: TIP S5 – Software DCA | C13: Pruefprotokoll_DCA_TIP-S5_L90.xlsx | F13: FALSE | G13: FALSE | H13: FALSE | I13: FALSE | J13: =IF(H13=TRUE,"n. z.",IF(G13=TRUE,"Nein!",IF(AND(F13=TRUE,I13=TRUE),"vollständig","offen"))) -> offen
B14: TIP S6 – Software RBC | C14: Pruefprotokoll_RBC_TIP-S6_L90.xlsx | F14: FALSE | G14: FALSE | H14: FALSE | I14: FALSE | J14: =IF(H14=TRUE,"n. z.",IF(G14=TRUE,"Nein!",IF(AND(F14=TRUE,I14=TRUE),"vollständig","offen"))) -> offen
B15: Nachweis der Prüfung gegen PT1 | C15: – (Anhang A.1) | D15: – | E15: – | H15: FALSE | I15: FALSE | J15: =IF(H15=TRUE,"n. z.",IF(I15=TRUE,"vollständig","offen")) -> offen
B16: Nachweis der Prüfung der Differenzen | C16: – (Anhang A.2, nur Bauzustand) | D16: – | E16: – | H16: FALSE | I16: FALSE | J16: =IF(H16=TRUE,"n. z.",IF(I16=TRUE,"vollständig","offen")) -> offen
B17: Nachweis der Differenzen: bei Neuanlage „n. z.“ anhaken. TIP S4 ohne AzLM sowie S5/S6 ohne DCA/RBC: „n. z.“.

Sheet Anhang A
B2: Anhang A
B3: ="Projekt: "&Deckblatt!$C$10&" · Stellwerk: "&Deckblatt!$C$13&" · Bauzustand: "&Deckblatt!$C$14
B5: A.1 Nachweis der Prüfung gegen PT1
B6: Abgehakte PT1-Unterlagen einfügen bzw. Verweis auf den Ablageort (Kap. 3.1).
B7: Nr. | C7: PT1-Unterlage / Tabelle | D7: Seiten | E7: Ablage | F7: eingefügt
B8: 1 | F8: FALSE
B9: 2 | F9: FALSE
B10: 3 | F10: FALSE
B11: 4 | F11: FALSE
B12: 5 | F12: FALSE
B13: 6 | F13: FALSE
B14: 7 | F14: FALSE
B15: 8 | F15: FALSE
B16: 9 | F16: FALSE
B17: 10 | F17: FALSE
B19: A.2 Nachweis der Prüfung der Differenzen
B20: Abgehakte Differenzen einfügen (ISA-/UDM-Differenz-Report, ESTW-Differenzen MEM/SM/AzLM, ZX-Differenzen, Konfigurationsdaten, BerÜ/Lupen-Vergleich). Die Liste der geprüften Dateien ist zu unterschreiben.
B21: Nr. | C21: Differenzdatei / Report | D21: Version alt → neu | E21: Ablage | F21: geprüft
B22: 1 | F22: FALSE
B23: 2 | F23: FALSE
B24: 3 | F24: FALSE
B25: 4 | F25: FALSE
B26: 5 | F26: FALSE
B27: 6 | F27: FALSE
B28: 7 | F28: FALSE
B29: 8 | F29: FALSE
B30: 9 | F30: FALSE
B31: 10 | F31: FALSE
B33: Prüfer – Liste der geprüften Differenzen
B34: Datum, Unterschrift | D34: Name (Druckbuchstaben)
